{
  "fired": 5187.928225,
  "start": 5181.181593,
  "plt": 6.746631999999408
}