{
  "fired": 10801.608741,
  "start": 10796.215581,
  "plt": 5.393159999999625
}