{
  "fired": 667.301231,
  "start": 661.452836,
  "plt": 5.848394999999982
}