{
  "type": "object",
  "value": {
    "www.netflix.com/-script-0-function-1-1277-1-1870_count0": [
      99.29999999993015,
      100.79999999993015
    ],
    "www.netflix.com/-script-1-function-1-3406-1-3667_count0": [
      107.59999999997672,
      107.59999999997672
    ],
    "www.netflix.com/-script-2-function-1-3689-1-3950_count0": [
      107.79999999993015,
      107.79999999993015
    ],
    "www.netflix.com/-script-3-function-1-3972-1-4379_count0": [
      108,
      108
    ],
    "www.netflix.com/-script-4-function-1-4401-1-7317_count0": [
      108.39999999990687,
      108.5
    ],
    "www.netflix.com/-script-5-function-1-7339-1-7490_count0": [
      108.5,
      108.5
    ],
    "www.netflix.com/-script-6-function-1-7512-1-7942_count0": [
      108.5,
      108.59999999997672
    ],
    "www.netflix.com/-script-7-function-1-7964-1-8230_count0": [
      108.59999999997672,
      108.59999999997672
    ],
    "www.netflix.com/-script-8-function-1-8252-1-8428_count0": [
      108.59999999997672,
      108.69999999995343
    ],
    "www.netflix.com/-script-10-function-3-21952-3-311544_count0": [
      265.89999999990687,
      269.29999999993015
    ],
    "4K080o004M4p4w4n4G4c4v4y4e4d0a024I14/bck/true/none-function-1-1-1-9370_count0": [
      276.29999999993015,
      277.19999999995343
    ],
    "4u4K080o004M4p4w4n4G4c4v4y4e4d0a024I14/l/true/none-function-1-1-8-611976_count0": [
      293.19999999995343,
      661
    ],
    "4u4K080o004M4p4w4n4G4c4v4y4e4d0a024I14/l/true/none-function-5-80407-5-80497_count0": [
      337,
      339.5
    ],
    "www.netflix.com/-script-13-function-4-1-12-3_count0": [
      661.5,
      661.5999999999767
    ],
    "4u4K080o004M4p4w4n4G4c4v4y4e4d0a024I14/l/true/none-function-5-199439-5-199646_count0": [
      667.1999999999534,
      669.3999999999069
    ],
    "4u4K080o004M4p4w4n4G4c4v4y4e4d0a024I14/l/true/none-function-5-199439-5-199646_count1": [
      671.6999999999534,
      671.7999999999302
    ],
    "4u4K080o004M4p4w4n4G4c4v4y4e4d0a024I14/l/true/none-function-5-199439-5-199646_count2": [
      671.7999999999302,
      672.1999999999534
    ],
    "4u4K080o004M4p4w4n4G4c4v4y4e4d0a024I14/l/true/none-function-5-199439-5-199646_count3": [
      672.1999999999534,
      672.1999999999534
    ],
    "4u4K080o004M4p4w4n4G4c4v4y4e4d0a024I14/l/true/none-function-8-160292-8-160425_count0": [
      687.5,
      687.5
    ],
    "4u4K080o004M4p4w4n4G4c4v4y4e4d0a024I14/l/true/none-function-1-5633-1-5705_count0": [
      687.5999999999767,
      687.5999999999767
    ],
    "4u4K080o004M4p4w4n4G4c4v4y4e4d0a024I14/l/true/none-function-8-169879-8-170026_count0": [
      687.6999999999534,
      688.1999999999534
    ],
    "4u4K080o004M4p4w4n4G4c4v4y4e4d0a024I14/l/true/none-function-8-566949-8-566989_count0": [
      688.3999999999069,
      688.5999999999767
    ],
    "4u4K080o004M4p4w4n4G4c4v4y4e4d0a024I14/l/true/none-function-1-187376-1-187485_count0": [
      688.6999999999534,
      704
    ],
    "www.netflix.com/-script-13-function-5-59-11-5_count0": [
      704.7999999999302,
      704.7999999999302
    ],
    "4u4K080o004M4p4w4n4G4c4v4y4e4d0a024I14/l/true/none-function-8-154472-8-154685_count0": [
      705,
      710
    ],
    "4u4K080o004M4p4w4n4G4c4v4y4e4d0a024I14/l/true/none-function-8-387488-8-387752_count0": [
      710.1999999999534,
      710.8999999999069
    ],
    "4u4K080o004M4p4w4n4G4c4v4y4e4d0a024I14/l/true/none-function-3-26627-3-26976_count0": [
      727.0999999999767,
      727.1999999999534
    ],
    "4u4K080o004M4p4w4n4G4c4v4y4e4d0a024I14/l/true/none-function-3-26627-3-26976_count1": [
      727.5,
      728.6999999999534
    ],
    "4u4K080o004M4p4w4n4G4c4v4y4e4d0a024I14/l/true/none-function-5-199439-5-199646_count4": [
      745.6999999999534,
      746.0999999999767
    ],
    "4u4K080o004M4p4w4n4G4c4v4y4e4d0a024I14/l/true/none-function-5-199439-5-199646_count5": [
      746.1999999999534,
      746.2999999999302
    ],
    "4u4K080o004M4p4w4n4G4c4v4y4e4d0a024I14/l/true/none-function-5-199439-5-199646_count6": [
      746.5999999999767,
      746.5999999999767
    ],
    "4u4K080o004M4p4w4n4G4c4v4y4e4d0a024I14/l/true/none-function-5-199439-5-199646_count7": [
      746.6999999999534,
      746.6999999999534
    ],
    "4u4K080o004M4p4w4n4G4c4v4y4e4d0a024I14/l/true/none-function-5-199439-5-199646_count8": [
      770.7999999999302,
      771
    ],
    "4u4K080o004M4p4w4n4G4c4v4y4e4d0a024I14/l/true/none-function-5-199439-5-199646_count9": [
      771.3999999999069,
      771.3999999999069
    ],
    "4u4K080o004M4p4w4n4G4c4v4y4e4d0a024I14/l/true/none-function-5-199439-5-199646_count10": [
      771.5,
      771.8999999999069
    ],
    "4u4K080o004M4p4w4n4G4c4v4y4e4d0a024I14/l/true/none-function-5-199439-5-199646_count11": [
      772.0999999999767,
      772.0999999999767
    ],
    "4u4K080o004M4p4w4n4G4c4v4y4e4d0a024I14/l/true/none-function-5-199439-5-199646_count12": [
      797.6999999999534,
      798.0999999999767
    ],
    "4u4K080o004M4p4w4n4G4c4v4y4e4d0a024I14/l/true/none-function-5-199439-5-199646_count13": [
      798.0999999999767,
      798.0999999999767
    ],
    "4u4K080o004M4p4w4n4G4c4v4y4e4d0a024I14/l/true/none-function-5-199439-5-199646_count14": [
      798.0999999999767,
      798.5
    ],
    "4u4K080o004M4p4w4n4G4c4v4y4e4d0a024I14/l/true/none-function-5-199439-5-199646_count15": [
      798.5999999999767,
      798.5999999999767
    ],
    "4u4K080o004M4p4w4n4G4c4v4y4e4d0a024I14/l/true/none-function-5-199439-5-199646_count16": [
      798.5999999999767,
      798.5999999999767
    ],
    "4u4K080o004M4p4w4n4G4c4v4y4e4d0a024I14/l/true/none-function-5-199439-5-199646_count17": [
      798.5999999999767,
      798.6999999999534
    ],
    "4u4K080o004M4p4w4n4G4c4v4y4e4d0a024I14/l/true/none-function-5-198911-5-198994_count0": [
      807.8999999999069,
      808.5
    ],
    "4u4K080o004M4p4w4n4G4c4v4y4e4d0a024I14/l/true/none-function-5-199439-5-199646_count18": [
      808.2999999999302,
      808.5
    ],
    "4u4K080o004M4p4w4n4G4c4v4y4e4d0a024I14/l/true/none-function-5-199439-5-199646_count19": [
      808.7999999999302,
      808.8999999999069
    ],
    "4u4K080o004M4p4w4n4G4c4v4y4e4d0a024I14/l/true/none-function-5-199439-5-199646_count20": [
      1063.1999999999534,
      1063.5999999999767
    ],
    "4u4K080o004M4p4w4n4G4c4v4y4e4d0a024I14/l/true/none-function-5-199439-5-199646_count21": [
      1328.5999999999767,
      1328.6999999999534
    ],
    "4u4K080o004M4p4w4n4G4c4v4y4e4d0a024I14/l/true/none-function-5-199439-5-199646_count22": [
      1594.2999999999302,
      1594.5999999999767
    ],
    "4u4K080o004M4p4w4n4G4c4v4y4e4d0a024I14/l/true/none-function-5-199439-5-199646_count23": [
      1859.8999999999069,
      1859.8999999999069
    ],
    "4u4K080o004M4p4w4n4G4c4v4y4e4d0a024I14/l/true/none-function-5-199439-5-199646_count24": [
      2125.399999999907,
      2125.6999999999534
    ],
    "4u4K080o004M4p4w4n4G4c4v4y4e4d0a024I14/l/true/none-function-5-199439-5-199646_count25": [
      2391.5,
      2391.5999999999767
    ],
    "4u4K080o004M4p4w4n4G4c4v4y4e4d0a024I14/l/true/none-function-5-199439-5-199646_count26": [
      2656.6999999999534,
      2657.0999999999767
    ],
    "4u4K080o004M4p4w4n4G4c4v4y4e4d0a024I14/l/true/none-function-5-199439-5-199646_count27": [
      2922.399999999907,
      2922.399999999907
    ],
    "4u4K080o004M4p4w4n4G4c4v4y4e4d0a024I14/l/true/none-function-5-199439-5-199646_count28": [
      3188.5,
      3188.5999999999767
    ],
    "4u4K080o004M4p4w4n4G4c4v4y4e4d0a024I14/l/true/none-function-5-199439-5-199646_count29": [
      3453.6999999999534,
      3453.6999999999534
    ],
    "4u4K080o004M4p4w4n4G4c4v4y4e4d0a024I14/l/true/none-function-5-199439-5-199646_count30": [
      3719.399999999907,
      3719.5
    ],
    "4u4K080o004M4p4w4n4G4c4v4y4e4d0a024I14/l/true/none-function-5-199439-5-199646_count31": [
      3985.0999999999767,
      3985.0999999999767
    ],