{
  "fired": 3447.59936,
  "start": 3447.218581,
  "plt": 0.38077900000007503
}