{
  "fired": 6422.421076,
  "start": 6419.696585,
  "plt": 2.7244909999999436
}