{
  "type": "object",
  "value": {
    "www.wayfair.com/-script-2-function-145-11-145-138_count0": [
      501.5,
      506.40000000037253
    ],
    "www.wayfair.com/-script-4-function-155-21-172-18_count0": [
      509.30000000074506,
      509.40000000037253
    ],
    "www.wayfair.com/-script-5-function-176-7-190-4930_count0": [
      522.4000000003725,
      529.3000000007451
    ],
    "www.wayfair.com/-script-7-function-197-1-197-96_count0": [
      1214.7000000001863,
      1214.7000000001863
    ],
    "www.wayfair.com/-script-8-function-198-62-198-678_count0": [
      1216.9000000003725,
      1217
    ],
    "www.wayfair.com/-script-9-function-198-700-198-1162_count0": [
      1217,
      1217
    ],
    "www.wayfair.com/-script-11-function-200-9-228-15_count0": [
      1230.1000000005588,
      1231.2000000001863
    ],
    "www.wayfair.com/-script-17-function-246-9-325-19_count0": [
      1312.4000000003725,
      1312.6000000005588
    ],
    "www.wayfair.com/-script-11-function-218-30-227-11_count0": [
      1312.6000000005588,
      1312.6000000005588
    ],
    "www.wayfair.com/-script-18-function-328-7-328-238_count0": [
      1312.7000000001863,
      1312.800000000745
    ],
    "www.wayfair.com/-script-19-function-331-9-348-15_count0": [
      1312.800000000745,
      1315.800000000745
    ],
    "/analytics.js-function-1-1-85-409_count0": [
      1330.800000000745,
      1350.300000000745
    ],
    "2/~~@icons/wayfair-min.js?wfdc=dsm&react_16_9_0=ON-function-1-17-3-177_count0": [
      1356.5,
      1367.9000000003725
    ],
    "ff556bd90d6d8af8023564e9bc590fdcf2551e.js?wfdc=dsm-function-1-22-5-10864_count0": [
      1473.800000000745,
      1542.2000000001863
    ],
    "ff556bd90d6d8af8023564e9bc590fdcf2551e.js?wfdc=dsm-function-6-320-7-31878_count0": [
      1542.2000000001863,
      1578.4000000003725
    ],
    "www.wayfair.com/-script-11-function-218-30-227-11_count1": [
      1578.7000000001863,
      1578.7000000001863
    ],
    "/~~init_wf_mobile_page.js?wfdc=dsm&react_16_9_0=ON-function-1-29-148-173_count0": [
      1588,
      1588.4000000003725
    ],
    "www.wayfair.com/-script-11-function-218-30-227-11_count2": [
      1588.6000000005588,
      1588.6000000005588
    ],
    "homepage_tarot_adapter.js?wfdc=dsm&react_16_9_0=ON-function-1-32-35-173_count0": [
      1591.1000000005588,
      1591.1000000005588
    ],
    "www.wayfair.com/-script-11-function-218-30-227-11_count3": [
      1591.300000000745,
      1591.300000000745
    ],
    "~tarot_deck~video_hero.js?wfdc=dsm&react_16_9_0=ON-function-1-28-367-173_count0": [
      1608.4000000003725,
      1608.800000000745
    ],
    "www.wayfair.com/-script-11-function-218-30-227-11_count4": [
      1609.4000000003725,
      1609.4000000003725
    ],
    "tungsten_react_wrapper.js?wfdc=dsm&react_16_9_0=ON-function-1-21-138-173_count0": [
      1616.4000000003725,
      1616.5
    ],
    "www.wayfair.com/-script-11-function-218-30-227-11_count5": [
      1616.800000000745,
      2030.9000000003725
    ],
    "/~~init_wf_mobile_page.js?wfdc=dsm&react_16_9_0=ON-function-71-1764-71-2643_count0": [
      2030.9000000003725,
      2031.6000000005588
    ],
    "/~~init_wf_mobile_page.js?wfdc=dsm&react_16_9_0=ON-function-71-1764-71-2643_count1": [
      2031.6000000005588,
      2031.800000000745
    ],
    "/~~init_wf_mobile_page.js?wfdc=dsm&react_16_9_0=ON-function-71-1764-71-2643_count2": [
      2031.800000000745,
      2031.800000000745
    ],
    "/~~init_wf_mobile_page.js?wfdc=dsm&react_16_9_0=ON-function-71-1764-71-2643_count3": [
      2031.800000000745,
      2031.9000000003725
    ],
    "/~~init_wf_mobile_page.js?wfdc=dsm&react_16_9_0=ON-function-71-1351-71-1473_count0": [
      2032,
      2032
    ],
    "/~~init_wf_mobile_page.js?wfdc=dsm&react_16_9_0=ON-function-71-1351-71-1473_count1": [
      2032,
      2032
    ],
    "/~~init_wf_mobile_page.js?wfdc=dsm&react_16_9_0=ON-function-71-1351-71-1473_count2": [
      2032,
      2032
    ],
    "/~~init_wf_mobile_page.js?wfdc=dsm&react_16_9_0=ON-function-71-1351-71-1473_count3": [
      2032,
      2032.1000000005588
    ],
    "/~~init_wf_mobile_page.js?wfdc=dsm&react_16_9_0=ON-function-71-2604-71-2640_count0": [
      2032.1000000005588,
      2108.600000000559
    ],
    "/~~init_wf_mobile_page.js?wfdc=dsm&react_16_9_0=ON-function-71-2604-71-2640_count1": [
      2108.600000000559,
      2109.4000000003725
    ],
    "/~~init_wf_mobile_page.js?wfdc=dsm&react_16_9_0=ON-function-71-2604-71-2640_count2": [
      2109.4000000003725,
      2194.7000000001863
    ],
    "ff556bd90d6d8af8023564e9bc590fdcf2551e.js?wfdc=dsm-function-1-37923-1-38035_count0": [
      2114,
      2114.300000000745
    ],
    "ff556bd90d6d8af8023564e9bc590fdcf2551e.js?wfdc=dsm-function-1-37923-1-38035_count1": [
      2134.600000000559,
      2134.600000000559
    ],
    "ff556bd90d6d8af8023564e9bc590fdcf2551e.js?wfdc=dsm-function-1-37923-1-38035_count2": [
      2148.2000000001863,
      2148.2000000001863
    ],
    "/~~init_wf_mobile_page.js?wfdc=dsm&react_16_9_0=ON-function-71-2604-71-2640_count3": [
      2194.9000000003725,
      2280
    ],
    "ff556bd90d6d8af8023564e9bc590fdcf2551e.js?wfdc=dsm-function-1-37923-1-38035_count3": [
      2232.2000000001863,
      2232.2000000001863
    ],
    "ff556bd90d6d8af8023564e9bc590fdcf2551e.js?wfdc=dsm-function-1-37923-1-38035_count4": [
      2238.2000000001863,
      2245.2000000001863
    ],
    "ff556bd90d6d8af8023564e9bc590fdcf2551e.js?wfdc=dsm-function-1-37923-1-38035_count5": [
      2259.9000000003725,
      2260
    ],
    "/~~init_wf_mobile_page.js?wfdc=dsm&react_16_9_0=ON-function-35-2051-35-2069_count0": [
      2280.5,
      2280.9000000003725
    ],
    "/px/client/main.min.js-function-2-1-4-10059_count0": [
      2289.7000000001863,
      2358.800000000745
    ],
    "ff556bd90d6d8af8023564e9bc590fdcf2551e.js?wfdc=dsm-function-1-80106-1-80454_count0": [
      2379.2000000001863,
      2382.800000000745
    ],
    "/~~init_wf_mobile_page.js?wfdc=dsm&react_16_9_0=ON-function-24-31574-24-31662_count0": [
      2388.7000000001863,
      2400.5
    ],
    "/~~init_wf_mobile_page.js?wfdc=dsm&react_16_9_0=ON-function-24-31692-24-32119_count0": [
      2389.600000000559,
      2400.5
    ],
    "/~~init_wf_mobile_page.js?wfdc=dsm&react_16_9_0=ON-function-35-1813-35-1836_count0": [
      2401.4000000003725,
      2401.9000000003725
    ],
    "/~~init_wf_mobile_page.js?wfdc=dsm&react_16_9_0=ON-function-24-31692-24-32119_count1": [
      2404.4000000003725,
      2405.2000000001863
    ],
    "/~~init_wf_mobile_page.js?wfdc=dsm&react_16_9_0=ON-function-24-31692-24-32119_count2": [
      2405.2000000001863,
      2406.2000000001863
    ],
    "/~~init_wf_mobile_page.js?wfdc=dsm&react_16_9_0=ON-function-24-31692-24-32119_count3": [
      2406.2000000001863,
      2407.9000000003725
    ],
    "/~~init_wf_mobile_page.js?wfdc=dsm&react_16_9_0=ON-function-24-31692-24-32119_count4": [
      2407.9000000003725,
      2408
    ],
    "/~~init_wf_mobile_page.js?wfdc=dsm&react_16_9_0=ON-function-24-31692-24-32119_count5": [
      2408,
      2408
    ],
    "/~~init_wf_mobile_page.js?wfdc=dsm&react_16_9_0=ON-function-24-31692-24-32119_count6": [
      2409,
      2409.100000000559
    ],
    "/~~init_wf_mobile_page.js?wfdc=dsm&react_16_9_0=ON-function-24-31692-24-32119_count7": [
      2409.100000000559,
      2409.600000000559
    ],
    "/~~init_wf_mobile_page.js?wfdc=dsm&react_16_9_0=ON-function-24-31692-24-32119_count8": [
      2409.600000000559,
      2409.7000000001863
    ],
    "/~~init_wf_mobile_page.js?wfdc=dsm&react_16_9_0=ON-function-24-31692-24-32119_count9": [
      2409.7000000001863,
      2410.2000000001863
    ],
    "/~~init_wf_mobile_page.js?wfdc=dsm&react_16_9_0=ON-function-24-31692-24-32119_count10": [
      2410.2000000001863,
      2410.300000000745
    ],