{
  "fired": 11834.200024,
  "start": 11828.804515,
  "plt": 5.395508999999947
}