{
  "fired": 4523.136052,
  "start": 4516.329593,
  "plt": 6.80645899999945
}