{
  "type": "object",
  "value": {
    "www.netflix.com/-script-0-function-1-1277-1-1870_count0": [
      250.30000000074506,
      254.5
    ],
    "www.netflix.com/-script-1-function-1-3406-1-3667_count0": [
      289.20000000018626,
      289.20000000018626
    ],
    "www.netflix.com/-script-2-function-1-3689-1-3950_count0": [
      289.30000000074506,
      289.30000000074506
    ],
    "www.netflix.com/-script-3-function-1-3972-1-4379_count0": [
      289.40000000037253,
      289.40000000037253
    ],
    "www.netflix.com/-script-4-function-1-4401-1-7317_count0": [
      289.6000000005588,
      289.6000000005588
    ],
    "www.netflix.com/-script-5-function-1-7339-1-7490_count0": [
      289.6000000005588,
      289.6000000005588
    ],
    "www.netflix.com/-script-6-function-1-7512-1-7942_count0": [
      289.70000000018626,
      289.70000000018626
    ],
    "www.netflix.com/-script-7-function-1-7964-1-8230_count0": [
      289.70000000018626,
      289.70000000018626
    ],
    "www.netflix.com/-script-8-function-1-8252-1-8428_count0": [
      289.80000000074506,
      289.80000000074506
    ],
    "www.netflix.com/-script-10-function-3-21952-3-311544_count0": [
      837.6000000005588,
      839.3000000007451
    ],
    "4K080o004M4p4w4n4G4c4v4y4e4d0a024I14/bck/true/none-function-1-1-1-9370_count0": [
      847,
      847.5
    ],
    "4u4K080o004M4p4w4n4G4c4v4y4e4d0a024I14/l/true/none-function-1-1-8-611976_count0": [
      862.5,
      1273.800000000745
    ],
    "4u4K080o004M4p4w4n4G4c4v4y4e4d0a024I14/l/true/none-function-5-80407-5-80497_count0": [
      962.5,
      966.2000000001863
    ],
    "www.netflix.com/-script-13-function-4-1-12-3_count0": [
      1274.1000000005588,
      1276.4000000003725
    ],
    "4u4K080o004M4p4w4n4G4c4v4y4e4d0a024I14/l/true/none-function-8-160292-8-160425_count0": [
      1311.6000000005588,
      1311.7000000001863
    ],
    "4u4K080o004M4p4w4n4G4c4v4y4e4d0a024I14/l/true/none-function-1-5633-1-5705_count0": [
      1312.5,
      1312.5
    ],
    "4u4K080o004M4p4w4n4G4c4v4y4e4d0a024I14/l/true/none-function-8-169879-8-170026_count0": [
      1312.6000000005588,
      1313.5
    ],
    "4u4K080o004M4p4w4n4G4c4v4y4e4d0a024I14/l/true/none-function-8-566949-8-566989_count0": [
      1313.7000000001863,
      1313.7000000001863
    ],
    "4u4K080o004M4p4w4n4G4c4v4y4e4d0a024I14/l/true/none-function-1-187376-1-187485_count0": [
      1314.4000000003725,
      1368.5
    ],
    "4u4K080o004M4p4w4n4G4c4v4y4e4d0a024I14/l/true/none-function-8-154472-8-154685_count0": [
      1371.2000000001863,
      1381.2000000001863
    ],
    "www.netflix.com/-script-13-function-5-59-11-5_count0": [
      1381.4000000003725,
      1381.4000000003725
    ],
    "4u4K080o004M4p4w4n4G4c4v4y4e4d0a024I14/l/true/none-function-8-387488-8-387752_count0": [
      1381.5,
      1425
    ],
    "4u4K080o004M4p4w4n4G4c4v4y4e4d0a024I14/l/true/none-function-5-199439-5-199646_count0": [
      1448.800000000745,
      1453.7000000001863
    ],
    "4u4K080o004M4p4w4n4G4c4v4y4e4d0a024I14/l/true/none-function-5-199439-5-199646_count1": [
      1453.800000000745,
      1453.9000000003725
    ],
    "4u4K080o004M4p4w4n4G4c4v4y4e4d0a024I14/l/true/none-function-3-26627-3-26976_count0": [
      1460.1000000005588,
      1460.1000000005588
    ],
    "4u4K080o004M4p4w4n4G4c4v4y4e4d0a024I14/l/true/none-function-3-26627-3-26976_count1": [
      1460.4000000003725,
      1469.4000000003725
    ],
    "4u4K080o004M4p4w4n4G4c4v4y4e4d0a024I14/l/true/none-function-5-199439-5-199646_count2": [
      1472.5,
      1482.7000000001863
    ],
    "4u4K080o004M4p4w4n4G4c4v4y4e4d0a024I14/l/true/none-function-5-199439-5-199646_count3": [
      1485.9000000003725,
      1487.9000000003725
    ],
    "4u4K080o004M4p4w4n4G4c4v4y4e4d0a024I14/l/true/none-function-5-199439-5-199646_count4": [
      1555.4000000003725,
      1555.6000000005588
    ],
    "4u4K080o004M4p4w4n4G4c4v4y4e4d0a024I14/l/true/none-function-5-199439-5-199646_count5": [
      1561.9000000003725,
      1562
    ],
    "4u4K080o004M4p4w4n4G4c4v4y4e4d0a024I14/l/true/none-function-5-199439-5-199646_count6": [
      1578.2000000001863,
      1578.4000000003725
    ],
    "4u4K080o004M4p4w4n4G4c4v4y4e4d0a024I14/l/true/none-function-5-199439-5-199646_count7": [
      1578.4000000003725,
      1578.5
    ],
    "4u4K080o004M4p4w4n4G4c4v4y4e4d0a024I14/l/true/none-function-5-199439-5-199646_count8": [
      1578.5,
      1578.5
    ],
    "4u4K080o004M4p4w4n4G4c4v4y4e4d0a024I14/l/true/none-function-5-199439-5-199646_count9": [
      1578.7000000001863,
      1578.7000000001863
    ],
    "4u4K080o004M4p4w4n4G4c4v4y4e4d0a024I14/l/true/none-function-5-199439-5-199646_count10": [
      1578.800000000745,
      1580.5
    ],
    "4u4K080o004M4p4w4n4G4c4v4y4e4d0a024I14/l/true/none-function-5-199439-5-199646_count11": [
      1580.5,
      1580.6000000005588
    ],
    "4u4K080o004M4p4w4n4G4c4v4y4e4d0a024I14/l/true/none-function-5-199439-5-199646_count12": [
      1580.7000000001863,
      1580.7000000001863
    ],
    "4u4K080o004M4p4w4n4G4c4v4y4e4d0a024I14/l/true/none-function-5-199439-5-199646_count13": [
      1580.7000000001863,
      1580.7000000001863
    ],
    "4u4K080o004M4p4w4n4G4c4v4y4e4d0a024I14/l/true/none-function-5-198911-5-198994_count0": [
      1618.7000000001863,
      1620.4000000003725
    ],
    "4u4K080o004M4p4w4n4G4c4v4y4e4d0a024I14/l/true/none-function-5-199439-5-199646_count14": [
      1620.2000000001863,
      1620.4000000003725
    ],
    "4u4K080o004M4p4w4n4G4c4v4y4e4d0a024I14/l/true/none-function-5-199439-5-199646_count15": [
      1620.6000000005588,
      1620.7000000001863
    ],
    "4u4K080o004M4p4w4n4G4c4v4y4e4d0a024I14/l/true/none-function-5-199439-5-199646_count16": [
      1861.300000000745,
      1863.4000000003725
    ],
    "4u4K080o004M4p4w4n4G4c4v4y4e4d0a024I14/l/true/none-function-5-199439-5-199646_count17": [
      2127.100000000559,
      2127.2000000001863
    ],
    "4u4K080o004M4p4w4n4G4c4v4y4e4d0a024I14/l/true/none-function-5-199439-5-199646_count18": [
      2391.4000000003725,
      2391.5
    ],
    "4u4K080o004M4p4w4n4G4c4v4y4e4d0a024I14/l/true/none-function-5-199439-5-199646_count19": [
      2655.600000000559,
      2655.7000000001863
    ],
    "4u4K080o004M4p4w4n4G4c4v4y4e4d0a024I14/l/true/none-function-5-199439-5-199646_count20": [
      2921.300000000745,
      2921.4000000003725
    ],
    "4u4K080o004M4p4w4n4G4c4v4y4e4d0a024I14/l/true/none-function-5-199439-5-199646_count21": [
      3186.600000000559,
      3186.7000000001863
    ],
    "4u4K080o004M4p4w4n4G4c4v4y4e4d0a024I14/l/true/none-function-5-199439-5-199646_count22": [
      3452.300000000745,
      3452.4000000003725
    ],
    "4u4K080o004M4p4w4n4G4c4v4y4e4d0a024I14/l/true/none-function-5-199439-5-199646_count23": [
      3721.7000000001863,
      3721.800000000745
    ],
    "4u4K080o004M4p4w4n4G4c4v4y4e4d0a024I14/l/true/none-function-5-199439-5-199646_count24": [
      3986.100000000559,
      3986.100000000559
    ],
    "4u4K080o004M4p4w4n4G4c4v4y4e4d0a024I14/l/true/none-function-5-199439-5-199646_count25": [
      4266.5,
      4267.4000000003725
    ],
    "4u4K080o004M4p4w4n4G4c4v4y4e4d0a024I14/l/true/none-function-5-199439-5-199646_count26": [
      4531.800000000745,
      4531.9000000003725
    ],
    "4u4K080o004M4p4w4n4G4c4v4y4e4d0a024I14/l/true/none-function-5-199439-5-199646_count27": [
      4796,
      4796
    ],
    "4u4K080o004M4p4w4n4G4c4v4y4e4d0a024I14/l/true/none-function-5-199439-5-199646_count28": [
      5062.5,
      5062.5
    ],
    "4u4K080o004M4p4w4n4G4c4v4y4e4d0a024I14/l/true/none-function-5-199439-5-199646_count29": [
      5327.600000000559,
      5327.700000000186
    ],
    "4u4K080o004M4p4w4n4G4c4v4y4e4d0a024I14/l/true/none-function-5-199439-5-199646_count30": [
      5602.300000000745,
      5602.5
    ],