{
  "fired": 11744.988086,
  "start": 11744.683866,
  "plt": 0.3042199999999866
}