{
  "fired": 11902.379137,
  "start": 11896.760035,
  "plt": 5.6191020000005665
}