{
  "fired": 107780.614119,
  "start": 107779.438761,
  "plt": 1.1753580000076909
}