{
  "type": "object",
  "value": {
    "www.ny.gov/-script-0-function-6-1-6-188_count0": [
      97.3999999910593,
      122.3999999910593
    ],
    "www.ny.gov/-script-0-function-6-32394-6-32599_count0": [
      122.3999999910593,
      125.79999999701977
    ],
    "www.ny.gov/-script-1-function-7-9-7-242_count0": [
      126.59999999403954,
      129.29999999701977
    ],
    "www.ny.gov/-script-1-function-7-73-7-120_count0": [
      129.29999999701977,
      129.29999999701977
    ],
    "www.ny.gov/-script-1-function-7-73-7-120_count1": [
      129.29999999701977,
      129.29999999701977
    ],
    "www.ny.gov/-script-1-function-7-73-7-120_count2": [
      129.29999999701977,
      129.29999999701977
    ],
    "www.ny.gov/-script-3-function-60-13-67-13_count0": [
      209.3999999910593,
      211.29999999701977
    ],
    "www.ny.gov/-script-0-function-6-25379-6-25440_count0": [
      343.5,
      344.5
    ],
    "/js_NS0wHIiRnwxg1KOAUeERsyXy2yXa1lessISM4kbvzyc.js-function-2-1-1709-3_count0": [
      496.29999999701977,
      595.2999999970198
    ],
    "aries/waypoints/lib/jquery.waypoints.min.js?rnblxh-function-7-1-7-8911_count0": [
      597.5999999940395,
      598
    ],
    "ries/waypoints/lib/noframework.waypoints.js?rnblxh-function-7-1-758-3_count0": [
      601.3999999910593,
      601.3999999910593
    ],
    "/js_86VDIuchoD8Hn4TV-nWBOpx76JeQNCRYpJ6q8YegHQQ.js-function-6-1-104-3_count0": [
      603.2999999970198,
      603.5
    ],
    "r/assets/filter/vendors/moment/moment.min.js?v=1.x-function-1-1-1-59228_count0": [
      605.5,
      614.3999999910593
    ],
    "dors/moment/moment-timezone-with-data.min.js?v=1.x-function-1-1-1-195343_count0": [
      616.7000000029802,
      647.3999999910593
    ],
    "filter/assets/filter/build/filters.bundle.js?v=1.x-function-1-1-1-399006_count0": [
      652.7999999970198,
      792.8999999910593
    ],
    "/js_-41LqoGvSxzL5tBEcHmJmoWlES0_8G4nrcp9yJVnLS0.js-function-8-1-802-38_count0": [
      795.2000000029802,
      796
    ],
    "ov/modules/custom/nygov_core/js/exitModal.js?v=1.x-function-6-1-64-58_count0": [
      798.0999999940395,
      798.0999999940395
    ],
    "/universal-navigation/js/dist/global-nav-bundle.js-function-1-1-1584-18_count0": [
      892.5999999940395,
      969
    ],
    "www.ny.gov/-script-0-function-6-25764-6-25824_count0": [
      980.7999999970198,
      981.3999999910593
    ],
    "www.ny.gov/-script-0-function-6-25561-6-25621_count0": [
      981.3999999910593,
      981.7999999970198
    ],
    "/js_NS0wHIiRnwxg1KOAUeERsyXy2yXa1lessISM4kbvzyc.js-function-875-131018-875-131119_count0": [
      982.2000000029802,
      982.2000000029802
    ],
    "files/google_tag/nygov/google_tag.script.js?rnblxh-function-1-1-1-381_count0": [
      982.2999999970198,
      983.3999999910593
    ],
    "www.ny.gov/-script-0-function-6-24077-6-24123_count0": [
      984,
      984
    ],
    "www.ny.gov/-script-0-function-6-30048-6-30138_count0": [
      984.0999999940395,
      984.7000000029802
    ],
    "/js_NS0wHIiRnwxg1KOAUeERsyXy2yXa1lessISM4kbvzyc.js-function-2-31778-2-31877_count0": [
      985.0999999940395,
      985.2999999970198
    ],
    "/js_NS0wHIiRnwxg1KOAUeERsyXy2yXa1lessISM4kbvzyc.js-function-423-19-426-5_count0": [
      985.2999999970198,
      995.8999999910593
    ],
    "/universal-navigation/js/dist/global-nav-bundle.js-function-4-611-4-705_count0": [
      996,
      1002.8999999910593
    ],
    "/js_NS0wHIiRnwxg1KOAUeERsyXy2yXa1lessISM4kbvzyc.js-function-875-128875-875-128929_count0": [
      1002.8999999910593,
      1003
    ],
    "/js_NS0wHIiRnwxg1KOAUeERsyXy2yXa1lessISM4kbvzyc.js-function-2-30370-2-30518_count0": [
      1027.5,
      1027.7999999970198
    ],
    "/universal-navigation/js/dist/global-nav-bundle.js-function-6-17918-6-18301_count0": [
      1046.7999999970198,
      1046.7999999970198
    ],
    "/universal-navigation/js/dist/global-nav-bundle.js-function-6-17918-6-18301_count1": [
      1047.2999999970198,
      1047.2999999970198
    ],
    "/js_NS0wHIiRnwxg1KOAUeERsyXy2yXa1lessISM4kbvzyc.js-function-2-30370-2-30518_count1": [
      1052,
      1052.2000000029802
    ],
    "/universal-navigation/js/dist/global-nav-bundle.js-function-6-17918-6-18301_count2": [
      1065.5,
      1131.2000000029802
    ],
    "/universal-navigation/js/dist/global-nav-bundle.js-function-6-17918-6-18301_count3": [
      1133.2999999970198,
      1133.2999999970198
    ],
    "/universal-navigation/js/dist/global-nav-bundle.js-function-6-17918-6-18301_count4": [
      1133.5,
      1133.5
    ],
    "/universal-navigation/js/dist/global-nav-bundle.js-function-6-17918-6-18301_count5": [
      1134.2999999970198,
      1134.7999999970198
    ],
    "/universal-navigation/js/dist/global-nav-bundle.js-function-6-17918-6-18301_count6": [
      1135.7999999970198,
      1135.7999999970198
    ],
    "/universal-navigation/js/dist/global-nav-bundle.js-function-6-17918-6-18301_count7": [
      1136.2999999970198,
      1136.2999999970198
    ],
    "/universal-navigation/js/dist/global-nav-bundle.js-function-6-17918-6-18301_count8": [
      1137,
      1137.8999999910593
    ],
    "www.ny.gov/-script-0-function-6-25764-6-25824_count1": [
      1149.0999999940395,
      1149.2000000029802
    ],
    "/universal-navigation/js/dist/global-nav-bundle.js-function-6-17918-6-18301_count9": [
      1149.5999999940395,
      1149.5999999940395
    ],
    "/universal-navigation/js/dist/global-nav-bundle.js-function-6-17918-6-18301_count10": [
      1149.7000000029802,
      1149.7000000029802
    ],
    "/universal-navigation/js/dist/global-nav-bundle.js-function-6-17918-6-18301_count11": [
      1152.0999999940395,
      1153.0999999940395
    ],
    "www.ny.gov/-script-0-function-6-24029-6-24071_count0": [
      1159.7999999970198,
      1160.2000000029802
    ],
    "www.ny.gov/-script-0-function-6-32573-6-32596_count0": [
      1160.2000000029802,
      1164.7000000029802
    ],
    "/js_NS0wHIiRnwxg1KOAUeERsyXy2yXa1lessISM4kbvzyc.js-function-875-139434-875-140028_count0": [
      1164.7000000029802,
      1170.7999999970198
    ],
    "/js_NS0wHIiRnwxg1KOAUeERsyXy2yXa1lessISM4kbvzyc.js-function-875-140133-875-140319_count0": [
      1170.8999999910593,
      1170.8999999910593
    ],
    "/js_NS0wHIiRnwxg1KOAUeERsyXy2yXa1lessISM4kbvzyc.js-function-875-140720-875-141287_count0": [
      1170.8999999910593,
      1171
    ],
    "/js_NS0wHIiRnwxg1KOAUeERsyXy2yXa1lessISM4kbvzyc.js-function-875-142928-875-142951_count0": [
      1171,
      1171.3999999910593
    ],
    "/js_NS0wHIiRnwxg1KOAUeERsyXy2yXa1lessISM4kbvzyc.js-function-875-144606-875-144936_count0": [
      1171.3999999910593,
      1171.5
    ],
    "/js_NS0wHIiRnwxg1KOAUeERsyXy2yXa1lessISM4kbvzyc.js-function-875-147302-875-147601_count0": [
      1171.5,
      1171.5999999940395
    ],
    "/js_NS0wHIiRnwxg1KOAUeERsyXy2yXa1lessISM4kbvzyc.js-function-875-183467-875-183578_count0": [
      1171.5999999940395,
      1171.5999999940395
    ],
    "/js_NS0wHIiRnwxg1KOAUeERsyXy2yXa1lessISM4kbvzyc.js-function-875-148212-875-148412_count0": [
      1171.5999999940395,
      1172
    ],
    "/universal-navigation/js/dist/global-nav-bundle.js-function-1545-24-1547-9_count0": [
      1172,
      1175.3999999910593
    ],
    "www.ny.gov/-script-0-function-6-14555-6-14732_count0": [
      1204.3999999910593,
      1204.5
    ],
    "www.ny.gov/-script-0-function-6-23468-6-23505_count0": [
      1204.7999999970198,
      1205.7000000029802
    ]
  }
}