{
  "fired": 11611.847282,
  "start": 11611.231554,
  "plt": 0.6157280000006722
}