{
  "/lift.js-function-1-88294-1-88349": {
    "sig": [],
    "time": 0.2000000011175871
  },
  "BY__B625yWP7HIMttDHhmbkP79hAFFAYhIdpKTY0a8z5Hxs.js-function-1-1-1-407": {
    "sig": [],
    "time": 0.7000000011175871
  },
  "/js/BrightcoveExperiences.js-function-2-1-185-71": {
    "sig": [],
    "time": 1
  },
  "4E__B625yWP7HIMttDHhmbkP79hAFFAYhIdpKTY0a8z5Hxs.js-function-2-1-7-577": {
    "sig": [],
    "time": 0
  },
  "api/js?key=AIzaSyBqb67MyZJaVKuEvfqlUNqDK3CGb4_QzLw-function-3-1-257-491": {
    "sig": [],
    "time": 12.5
  },
  "/24071f623b.js-function-1-1-19-3920": {
    "sig": [],
    "time": 3.099999999627471
  },
  "www.ny.gov/-script-25-function-1062-15-1062-311": {
    "sig": [],
    "time": 0.599999999627471
  },
  "pts/5c5dd728/cloudflare-static/email-decode.min.js-function-1-1-1-1328": {
    "sig": [],
    "time": 1.599999999627471
  },
  "www.ny.gov/-script-15-function-72-9-72-78": {
    "sig": [],
    "time": 0
  },
  "/lift.js-function-1-88599-1-88671": {
    "sig": [],
    "time": 0
  },
  "ds__B625yWP7HIMttDHhmbkP79hAFFAYhIdpKTY0a8z5Hxs.js-function-2-1-5-434": {
    "sig": [],
    "time": 44.69999999925494
  },
  "www.ny.gov/-script-16-function-73-9-73-4145": {
    "sig": [],
    "time": 0.40000000037252903
  },
  "www.ny.gov/-script-0-function-45-35-45-76": {
    "sig": [
      [
        "global_writes",
        ";;;;NY"
      ]
    ],
    "time": 0
  }
}