{
  "type": "object",
  "value": {
    "www.ny.gov/-script-0-function-45-35-45-76_count0": [
      85,
      85
    ],
    "/lift.js-function-1-1-1-134139_count0": [
      128.5,
      177.30000000074506
    ],
    "/lift.js-function-1-79954-1-80011_count0": [
      170.40000000037253,
      170.40000000037253
    ],
    "/lift.js-function-1-129607-1-130096_count0": [
      176.5,
      176.5
    ],
    "/js/BrightcoveExperiences.js-function-2-1-185-71_count0": [
      180,
      181
    ],
    "/24071f623b.js-function-1-1-19-3920_count0": [
      181.80000000074506,
      184.90000000037253
    ],
    "/24071f623b.js-function-19-573-19-969_count0": [
      185.09999999962747,
      185.09999999962747
    ],
    "/24071f623b.js-function-19-573-19-969_count1": [
      185.80000000074506,
      185.80000000074506
    ],
    "BY__B625yWP7HIMttDHhmbkP79hAFFAYhIdpKTY0a8z5Hxs.js-function-1-1-1-407_count0": [
      186.09999999962747,
      186.80000000074506
    ],
    "/24071f623b.js-function-19-573-19-969_count2": [
      186.80000000074506,
      186.80000000074506
    ],
    "/24071f623b.js-function-19-573-19-969_count3": [
      186.90000000037253,
      187.2000000011176
    ],
    "/24071f623b.js-function-19-573-19-969_count4": [
      187.30000000074506,
      187.30000000074506
    ],
    "/24071f623b.js-function-19-573-19-969_count5": [
      187.40000000037253,
      187.40000000037253
    ],
    "/24071f623b.js-function-19-573-19-969_count6": [
      187.90000000037253,
      187.90000000037253
    ],
    "/24071f623b.js-function-19-573-19-969_count7": [
      188.2000000011176,
      188.2000000011176
    ],
    "/24071f623b.js-function-19-573-19-969_count8": [
      188.30000000074506,
      188.30000000074506
    ],
    "/24071f623b.js-function-19-573-19-969_count9": [
      188.30000000074506,
      188.30000000074506
    ],
    "www.ny.gov/-script-15-function-72-9-72-78_count0": [
      188.5,
      188.5
    ],
    "/24071f623b.js-function-19-573-19-969_count10": [
      188.5,
      188.5
    ],
    "www.ny.gov/-script-16-function-73-9-73-4145_count0": [
      188.90000000037253,
      189.30000000074506
    ],
    "/24071f623b.js-function-19-573-19-969_count11": [
      197.90000000037253,
      197.90000000037253
    ],
    "/lift.js-function-1-79954-1-80011_count1": [
      243.90000000037253,
      244
    ],
    "/lift.js-function-1-79954-1-80011_count2": [
      244.09999999962747,
      244.09999999962747
    ],
    "/lift.js-function-1-79954-1-80011_count3": [
      244.90000000037253,
      244.90000000037253
    ],
    "/lift.js-function-1-85935-1-86025_count0": [
      245.30000000074506,
      245.40000000037253
    ],
    "/lift.js-function-1-129607-1-130096_count1": [
      246.90000000037253,
      246.90000000037253
    ],
    "/lift.js-function-1-129607-1-130096_count2": [
      246.90000000037253,
      246.90000000037253
    ],
    "/lift.js-function-1-129607-1-130096_count3": [
      247.7000000011176,
      247.7000000011176
    ],
    "/lift.js-function-1-85935-1-86025_count1": [
      247.80000000074506,
      247.80000000074506
    ],
    "/24071f623b.js-function-19-573-19-969_count12": [
      248.7000000011176,
      248.7000000011176
    ],
    "/24071f623b.js-function-19-573-19-969_count13": [
      249.2000000011176,
      249.2000000011176
    ],
    "/24071f623b.js-function-19-573-19-969_count14": [
      249.7000000011176,
      249.7000000011176
    ],
    "/24071f623b.js-function-19-573-19-969_count15": [
      250.80000000074506,
      250.80000000074506
    ],
    "/lift.js-function-1-85954-1-85973_count0": [
      305.90000000037253,
      305.90000000037253
    ],
    "/lift.js-function-1-85954-1-85973_count1": [
      306.40000000037253,
      306.40000000037253
    ],
    "/24071f623b.js-function-19-573-19-969_count16": [
      308.30000000074506,
      308.30000000074506
    ],
    "/lift.js-function-1-85935-1-86025_count2": [
      308.40000000037253,
      309
    ],
    "/24071f623b.js-function-19-573-19-969_count17": [
      347.5,
      347.59999999962747
    ],
    "pts/5c5dd728/cloudflare-static/email-decode.min.js-function-1-1-1-1328_count0": [
      348,
      349.59999999962747
    ],
    "/24071f623b.js-function-19-573-19-969_count18": [
      349.59999999962747,
      349.59999999962747
    ],
    "/24071f623b.js-function-19-573-19-969_count19": [
      351,
      351
    ],
    "4E__B625yWP7HIMttDHhmbkP79hAFFAYhIdpKTY0a8z5Hxs.js-function-2-1-7-577_count0": [
      351.09999999962747,
      351.09999999962747
    ],
    "/24071f623b.js-function-19-573-19-969_count20": [
      352.7000000011176,
      352.7000000011176
    ],
    "/lift.js-function-1-85954-1-85973_count2": [
      352.7000000011176,
      352.80000000074506
    ],
    "/lift.js-function-1-85935-1-86025_count3": [
      359.90000000037253,
      359.90000000037253
    ],
    "ds__B625yWP7HIMttDHhmbkP79hAFFAYhIdpKTY0a8z5Hxs.js-function-2-1-5-434_count0": [
      370.90000000037253,
      415.59999999962747
    ],
    "/24071f623b.js-function-19-573-19-969_count21": [
      482.80000000074506,
      483.30000000074506
    ],
    "www.ny.gov/-script-25-function-1062-15-1062-311_count0": [
      483.40000000037253,
      484
    ],
    "/24071f623b.js-function-19-573-19-969_count22": [
      484.40000000037253,
      484.40000000037253
    ],
    "/lift.js-function-1-83908-1-84001_count0": [
      484.59999999962747,
      488.90000000037253
    ],
    "/24071f623b.js-function-19-573-19-969_count23": [
      488.90000000037253,
      489
    ],
    "/lift.js-function-1-88294-1-88349_count0": [
      489,
      489.09999999962747
    ],
    "/lift.js-function-1-85935-1-86025_count4": [
      489.09999999962747,
      491.59999999962747
    ],
    "/lift.js-function-1-85935-1-86025_count5": [
      491.59999999962747,
      491.59999999962747
    ],
    "/24071f623b.js-function-19-573-19-969_count24": [
      491.59999999962747,
      491.59999999962747
    ],
    "/lift.js-function-1-85935-1-86025_count6": [
      491.59999999962747,
      494.2000000011176
    ],
    "/24071f623b.js-function-19-573-19-969_count25": [
      494.2000000011176,
      494.2000000011176
    ],
    "/lift.js-function-1-85954-1-85973_count3": [
      495.7000000011176,
      495.7000000011176
    ],
    "/webfontloader/1.6.24/webfontloader.js-function-2-1-17-1822_count0": [
      495.80000000074506,
      502.09999999962747
    ],
    "/24071f623b.js-function-19-573-19-969_count26": [
      502.09999999962747,
      502.2000000011176
    ],
    "api/js?key=AIzaSyBqb67MyZJaVKuEvfqlUNqDK3CGb4_QzLw-function-3-1-257-491_count0": [
      502.59999999962747,
      515.0999999996275
    ],
    "/lift.js-function-1-85954-1-85973_count4": [
      533,
      533
    ],
    "/lift.js-function-1-85954-1-85973_count5": [
      533.2000000011176,
      533.2000000011176
    ],
    "/lift.js-function-1-85954-1-85973_count6": [
      533.2000000011176,
      533.2000000011176
    ],
    "/js/siteanalyze_1577.js-function-1-1-1-22572_count0": [
      563.5999999996275,
      565.0999999996275
    ],
    "/webfontloader/1.6.24/webfontloader.js-function-5-150-5-170_count0": [
      565.4000000003725,
      565.5
    ],
    "/lift.js-function-1-85935-1-86025_count7": [
      565.5,
      569.5999999996275
    ],
    "/lift-capture-bootstrap.min.js-function-1-2-3-118_count0": [
      570,
      570.7000000011176
    ],
    "/24071f623b.js-function-19-573-19-969_count27": [
      570.7000000011176,
      570.7000000011176
    ],
    "/lift.js-function-1-85954-1-85973_count7": [
      570.9000000003725,
      570.9000000003725
    ],
    "/webfontloader/1.6.24/webfontloader.js-function-7-1453-7-1505_count0": [
      602,
      602
    ],
    "/webfontloader/1.6.24/webfontloader.js-function-7-1609-7-1629_count0": [
      602,
      602.2000000011176
    ],