{
  "fired": 5035.753814,
  "start": 5034.496627,
  "plt": 1.2571869999992487
}