{
  "type": "object",
  "value": {
    "www.yelp.com/-script-0-function-4-29-11-11_count0": [
      257.90000000037253,
      258
    ],
    "www.yelp.com/-script-1-function-26-33-26-375_count0": [
      258.20000000018626,
      259
    ],
    "www.yelp.com/-script-2-function-32-13-41-19_count0": [
      259.40000000037253,
      262.90000000037253
    ],
    "www.yelp.com/-script-3-function-45-17-45-780_count0": [
      263.1000000005588,
      265.30000000074506
    ],
    "www.yelp.com/-script-4-function-57-9-59-48_count0": [
      267.40000000037253,
      267.40000000037253
    ],
    "www.yelp.com/-script-5-function-62-9-64-53_count0": [
      267.5,
      267.5
    ],
    "www.yelp.com/-script-6-function-65-22-65-259_count0": [
      267.6000000005588,
      267.6000000005588
    ],
    "www.yelp.com/-script-8-function-97-33-97-218_count0": [
      279.90000000037253,
      280.20000000018626
    ],
    "www.yelp.com/-script-9-function-102-13-111-19_count0": [
      280.40000000037253,
      284
    ],
    "www.yelp.com/-script-10-function-122-29-129-11_count0": [
      351.20000000018626,
      351.20000000018626
    ],
    "www.yelp.com/-script-12-function-138-234-138-1290_count0": [
      782.8000000007451,
      782.8000000007451
    ],
    "www.yelp.com/-script-17-function-140-728-140-798_count0": [
      794.6000000005588,
      794.6000000005588
    ],
    "www.yelp.com/-script-18-function-142-29-149-11_count0": [
      795.4000000003725,
      795.4000000003725
    ],
    "/analytics.js-function-1-1-85-409_count0": [
      908.4000000003725,
      985.7000000001863
    ],
    "www.yelp.com/-script-6-function-65-96-65-251_count0": [
      1015.8000000007451,
      1015.8000000007451
    ]
  }
}