{
  "fired": 6199.121728,
  "start": 6198.129834,
  "plt": 0.9918939999997747
}