{
  "fired": 11778.893101,
  "start": 11778.767101,
  "plt": 0.12600000000020373
}