{
  "fired": 11547.357218,
  "start": 11546.882005,
  "plt": 0.47521299999971234
}