{
  "fired": 11019.362197,
  "start": 11013.96405,
  "plt": 5.398146999999881
}