{
  "fired": 3561.532263,
  "start": 3558.854367,
  "plt": 2.677896000000146
}