{
  "4E__B625yWP7HIMttDHhmbkP79hAFFAYhIdpKTY0a8z5Hxs.js-function-2-1-7-577": {
    "sig": [],
    "time": 0
  },
  "BY__B625yWP7HIMttDHhmbkP79hAFFAYhIdpKTY0a8z5Hxs.js-function-1-1-1-407": {
    "sig": [],
    "time": 1.2000000001862645
  },
  "api/js?key=AIzaSyBqb67MyZJaVKuEvfqlUNqDK3CGb4_QzLw-function-3-1-257-491": {
    "sig": [],
    "time": 32.10000000009313
  },
  "ds__B625yWP7HIMttDHhmbkP79hAFFAYhIdpKTY0a8z5Hxs.js-function-2-1-5-434": {
    "sig": [],
    "time": 0.10000000009313226
  },
  "pts/5c5dd728/cloudflare-static/email-decode.min.js-function-1-1-1-1328": {
    "sig": [],
    "time": 4.899999999906868
  },
  "/lift.js-function-1-88294-1-88349": {
    "sig": [],
    "time": 0.09999999962747097
  },
  "Wc__B625yWP7HIMttDHhmbkP79hAFFAYhIdpKTY0a8z5Hxs.js-function-2-1-6-70": {
    "sig": [],
    "time": 0.7999999998137355
  },
  "www.ny.gov/-script-0-function-45-35-45-76": {
    "sig": [
      [
        "global_writes",
        ";;;;NY"
      ]
    ],
    "time": 13.399999999906868
  },
  "/24071f623b.js-function-1-1-19-3920": {
    "sig": [],
    "time": 13
  },
  "www.ny.gov/-script-25-function-1062-15-1062-311": {
    "sig": [],
    "time": 2.1000000000931323
  },
  "cY__B625yWP7HIMttDHhmbkP79hAFFAYhIdpKTY0a8z5Hxs.js-function-4-1-20-7656": {
    "sig": [],
    "time": 11
  },
  "tg__B625yWP7HIMttDHhmbkP79hAFFAYhIdpKTY0a8z5Hxs.js-function-2-1-959-751": {
    "sig": [],
    "time": 57
  },
  "/lift.js-function-1-88599-1-88671": {
    "sig": [],
    "time": 0
  },
  "as__B625yWP7HIMttDHhmbkP79hAFFAYhIdpKTY0a8z5Hxs.js-function-2-2-2-114": {
    "sig": [],
    "time": 0
  },
  "/js/BrightcoveExperiences.js-function-2-1-185-71": {
    "sig": [],
    "time": 2.3999999999068677
  },
  "SY__B625yWP7HIMttDHhmbkP79hAFFAYhIdpKTY0a8z5Hxs.js-function-2-1-18-675": {
    "sig": [],
    "time": 0.19999999972060323
  },
  "www.ny.gov/-script-15-function-72-9-72-78": {
    "sig": [],
    "time": 0.10000000009313226
  },
  "www.ny.gov/-script-16-function-73-9-73-4145": {
    "sig": [],
    "time": 0
  },
  "yY__B625yWP7HIMttDHhmbkP79hAFFAYhIdpKTY0a8z5Hxs.js-function-4-1-21-64": {
    "sig": [],
    "time": 36.1999999997206
  }
}