{
  "fired": 1480.333245,
  "start": 1473.210212,
  "plt": 7.123033000000078
}