{
  "type": "object",
  "value": {
    "www.netflix.com/-script-0-function-1-1277-1-1870_count0": [
      594.5,
      596
    ],
    "www.netflix.com/-script-1-function-1-3406-1-3667_count0": [
      609.3000000000466,
      609.3000000000466
    ],
    "www.netflix.com/-script-2-function-1-3689-1-3950_count0": [
      609.3000000000466,
      609.3000000000466
    ],
    "www.netflix.com/-script-3-function-1-3972-1-4379_count0": [
      609.4000000001397,
      609.4000000001397
    ],
    "www.netflix.com/-script-4-function-1-4401-1-7317_count0": [
      611.1999999999534,
      611.3000000000466
    ],
    "www.netflix.com/-script-5-function-1-7339-1-7490_count0": [
      611.5,
      611.5
    ],
    "www.netflix.com/-script-6-function-1-7512-1-7942_count0": [
      611.6000000000931,
      611.6000000000931
    ],
    "www.netflix.com/-script-7-function-1-7964-1-8230_count0": [
      611.6999999999534,
      611.6999999999534
    ],
    "www.netflix.com/-script-8-function-1-8252-1-8428_count0": [
      611.6999999999534,
      611.6999999999534
    ],
    "www.netflix.com/-script-10-function-3-21952-3-311544_count0": [
      1136.6000000000931,
      1138.4000000001397
    ],
    "4K080o004M4p4w4n4G4c4v4y4e4d0a024I14/bck/true/none-function-1-1-1-9370_count0": [
      1146.6999999999534,
      1147.1999999999534
    ],
    "4u4K080o004M4p4w4n4G4c4v4y4e4d0a024I14/l/true/none-function-1-1-8-611976_count0": [
      1167.5,
      1571.4000000001397
    ],
    "4u4K080o004M4p4w4n4G4c4v4y4e4d0a024I14/l/true/none-function-5-80407-5-80497_count0": [
      1207.1000000000931,
      1213.3000000000466
    ],
    "www.netflix.com/-script-13-function-4-1-12-3_count0": [
      1571.8000000000466,
      1573.3000000000466
    ],
    "4u4K080o004M4p4w4n4G4c4v4y4e4d0a024I14/l/true/none-function-5-199439-5-199646_count0": [
      1579.4000000001397,
      1583.9000000001397
    ],
    "4u4K080o004M4p4w4n4G4c4v4y4e4d0a024I14/l/true/none-function-5-199439-5-199646_count1": [
      1594.3000000000466,
      1594.4000000001397
    ],
    "4u4K080o004M4p4w4n4G4c4v4y4e4d0a024I14/l/true/none-function-5-199439-5-199646_count2": [
      1594.5,
      1594.6000000000931
    ],
    "4u4K080o004M4p4w4n4G4c4v4y4e4d0a024I14/l/true/none-function-5-199439-5-199646_count3": [
      1594.6999999999534,
      1594.6999999999534
    ],
    "4u4K080o004M4p4w4n4G4c4v4y4e4d0a024I14/l/true/none-function-5-199439-5-199646_count4": [
      1594.6999999999534,
      1594.6999999999534
    ],
    "4u4K080o004M4p4w4n4G4c4v4y4e4d0a024I14/l/true/none-function-8-160292-8-160425_count0": [
      1603.9000000001397,
      1603.9000000001397
    ],
    "4u4K080o004M4p4w4n4G4c4v4y4e4d0a024I14/l/true/none-function-1-5633-1-5705_count0": [
      1603.9000000001397,
      1603.9000000001397
    ],
    "4u4K080o004M4p4w4n4G4c4v4y4e4d0a024I14/l/true/none-function-8-169879-8-170026_count0": [
      1604.1000000000931,
      1605.6000000000931
    ],
    "4u4K080o004M4p4w4n4G4c4v4y4e4d0a024I14/l/true/none-function-8-566949-8-566989_count0": [
      1605.9000000001397,
      1606
    ],
    "4u4K080o004M4p4w4n4G4c4v4y4e4d0a024I14/l/true/none-function-1-187376-1-187485_count0": [
      1606.1999999999534,
      1694.1000000000931
    ],
    "4u4K080o004M4p4w4n4G4c4v4y4e4d0a024I14/l/true/none-function-8-154472-8-154685_count0": [
      1702.6999999999534,
      1709.9000000001397
    ],
    "www.netflix.com/-script-13-function-5-59-11-5_count0": [
      1712,
      1712
    ],
    "4u4K080o004M4p4w4n4G4c4v4y4e4d0a024I14/l/true/none-function-8-387488-8-387752_count0": [
      1712.1000000000931,
      1713
    ],
    "4u4K080o004M4p4w4n4G4c4v4y4e4d0a024I14/l/true/none-function-3-26627-3-26976_count0": [
      1737.9000000001397,
      1737.9000000001397
    ],
    "4u4K080o004M4p4w4n4G4c4v4y4e4d0a024I14/l/true/none-function-3-26627-3-26976_count1": [
      1737.9000000001397,
      1740
    ],
    "4u4K080o004M4p4w4n4G4c4v4y4e4d0a024I14/l/true/none-function-5-199439-5-199646_count5": [
      1772.8000000000466,
      1773
    ],
    "4u4K080o004M4p4w4n4G4c4v4y4e4d0a024I14/l/true/none-function-5-199439-5-199646_count6": [
      1773,
      1773.1000000000931
    ],
    "4u4K080o004M4p4w4n4G4c4v4y4e4d0a024I14/l/true/none-function-5-199439-5-199646_count7": [
      1773.1999999999534,
      1773.3000000000466
    ],
    "4u4K080o004M4p4w4n4G4c4v4y4e4d0a024I14/l/true/none-function-5-199439-5-199646_count8": [
      1773.3000000000466,
      1773.3000000000466
    ],
    "4u4K080o004M4p4w4n4G4c4v4y4e4d0a024I14/l/true/none-function-5-199439-5-199646_count9": [
      1821.1000000000931,
      1821.1999999999534
    ],
    "4u4K080o004M4p4w4n4G4c4v4y4e4d0a024I14/l/true/none-function-5-199439-5-199646_count10": [
      1824.6000000000931,
      1825.3000000000466
    ],
    "4u4K080o004M4p4w4n4G4c4v4y4e4d0a024I14/l/true/none-function-5-199439-5-199646_count11": [
      1897.6000000000931,
      1897.6999999999534
    ],
    "4u4K080o004M4p4w4n4G4c4v4y4e4d0a024I14/l/true/none-function-5-199439-5-199646_count12": [
      1897.9000000001397,
      1898
    ],
    "4u4K080o004M4p4w4n4G4c4v4y4e4d0a024I14/l/true/none-function-5-199439-5-199646_count13": [
      1907,
      1907.1999999999534
    ],
    "4u4K080o004M4p4w4n4G4c4v4y4e4d0a024I14/l/true/none-function-5-199439-5-199646_count14": [
      1907.3000000000466,
      1907.4000000001397
    ],
    "4u4K080o004M4p4w4n4G4c4v4y4e4d0a024I14/l/true/none-function-5-199439-5-199646_count15": [
      1907.4000000001397,
      1907.5
    ],
    "4u4K080o004M4p4w4n4G4c4v4y4e4d0a024I14/l/true/none-function-5-199439-5-199646_count16": [
      1907.5,
      1907.6000000000931
    ],
    "4u4K080o004M4p4w4n4G4c4v4y4e4d0a024I14/l/true/none-function-5-199439-5-199646_count17": [
      1907.6000000000931,
      1907.6000000000931
    ],
    "4u4K080o004M4p4w4n4G4c4v4y4e4d0a024I14/l/true/none-function-5-199439-5-199646_count18": [
      1907.6999999999534,
      1907.8000000000466
    ],
    "4u4K080o004M4p4w4n4G4c4v4y4e4d0a024I14/l/true/none-function-5-198911-5-198994_count0": [
      1956.6999999999534,
      1959
    ],
    "4u4K080o004M4p4w4n4G4c4v4y4e4d0a024I14/l/true/none-function-5-199439-5-199646_count19": [
      1958.8000000000466,
      1959
    ],
    "4u4K080o004M4p4w4n4G4c4v4y4e4d0a024I14/l/true/none-function-5-199439-5-199646_count20": [
      1959.4000000001397,
      1959.4000000001397
    ],
    "4u4K080o004M4p4w4n4G4c4v4y4e4d0a024I14/l/true/none-function-5-199439-5-199646_count21": [
      2213.600000000093,
      2213.6999999999534
    ],
    "4u4K080o004M4p4w4n4G4c4v4y4e4d0a024I14/l/true/none-function-5-199439-5-199646_count22": [
      2479.9000000001397,
      2480
    ],
    "4u4K080o004M4p4w4n4G4c4v4y4e4d0a024I14/l/true/none-function-5-199439-5-199646_count23": [
      2744,
      2744.100000000093
    ],
    "4u4K080o004M4p4w4n4G4c4v4y4e4d0a024I14/l/true/none-function-5-199439-5-199646_count24": [
      3012.4000000001397,
      3012.4000000001397
    ],
    "4u4K080o004M4p4w4n4G4c4v4y4e4d0a024I14/l/true/none-function-5-199439-5-199646_count25": [
      3282.9000000001397,
      3283
    ],
    "4u4K080o004M4p4w4n4G4c4v4y4e4d0a024I14/l/true/none-function-5-199439-5-199646_count26": [
      3540.8000000000466,
      3540.9000000001397
    ],
    "4u4K080o004M4p4w4n4G4c4v4y4e4d0a024I14/l/true/none-function-5-199439-5-199646_count27": [
      3806.1999999999534,
      3806.1999999999534
    ],
    "4u4K080o004M4p4w4n4G4c4v4y4e4d0a024I14/l/true/none-function-5-199439-5-199646_count28": [
      4071.5,
      4072.4000000001397
    ],
    "4u4K080o004M4p4w4n4G4c4v4y4e4d0a024I14/l/true/none-function-5-199439-5-199646_count29": [
      4343,
      4343.199999999953
    ],
    "4u4K080o004M4p4w4n4G4c4v4y4e4d0a024I14/l/true/none-function-5-199439-5-199646_count30": [
      4615.600000000093,
      4615.699999999953
    ],
    "4u4K080o004M4p4w4n4G4c4v4y4e4d0a024I14/l/true/none-function-5-199439-5-199646_count31": [
      4869,
      4869.100000000093
    ],