{
  "fired": 10269.052954,
  "start": 10263.124358,
  "plt": 5.928596000001562
}