{
  "type": "object",
  "value": {
    "www.netflix.com/-script-0-function-1-1277-1-1870_count0": [
      105.90000000037253,
      108.5
    ],
    "www.netflix.com/-script-1-function-1-3406-1-3667_count0": [
      116.29999999888241,
      116.29999999888241
    ],
    "www.netflix.com/-script-2-function-1-3689-1-3950_count0": [
      116.40000000037253,
      116.40000000037253
    ],
    "www.netflix.com/-script-3-function-1-3972-1-4379_count0": [
      116.90000000037253,
      116.90000000037253
    ],
    "www.netflix.com/-script-4-function-1-4401-1-7317_count0": [
      116.90000000037253,
      117.40000000037253
    ],
    "www.netflix.com/-script-5-function-1-7339-1-7490_count0": [
      117.40000000037253,
      117.40000000037253
    ],
    "www.netflix.com/-script-6-function-1-7512-1-7942_count0": [
      117.40000000037253,
      117.5
    ],
    "www.netflix.com/-script-7-function-1-7964-1-8230_count0": [
      117.79999999888241,
      117.79999999888241
    ],
    "www.netflix.com/-script-8-function-1-8252-1-8428_count0": [
      117.90000000037253,
      117.90000000037253
    ],
    "www.netflix.com/-script-10-function-3-21952-3-311544_count0": [
      294.5,
      298
    ],
    "4K080o004M4p4w4n4G4c4v4y4e4d0a024I14/bck/true/none-function-1-1-1-9370_count0": [
      305.2999999988824,
      306.59999999962747
    ],
    "4u4K080o004M4p4w4n4G4c4v4y4e4d0a024I14/l/true/none-function-1-1-8-611976_count0": [
      322.69999999925494,
      708.4000000003725
    ],
    "4u4K080o004M4p4w4n4G4c4v4y4e4d0a024I14/l/true/none-function-5-80407-5-80497_count0": [
      372.40000000037253,
      374.7999999988824
    ],
    "www.netflix.com/-script-13-function-4-1-12-3_count0": [
      709.6999999992549,
      709.7999999988824
    ],
    "4u4K080o004M4p4w4n4G4c4v4y4e4d0a024I14/l/true/none-function-5-199439-5-199646_count0": [
      721.5999999996275,
      723.6999999992549
    ],
    "4u4K080o004M4p4w4n4G4c4v4y4e4d0a024I14/l/true/none-function-5-199439-5-199646_count1": [
      723.7999999988824,
      724.1999999992549
    ],
    "4u4K080o004M4p4w4n4G4c4v4y4e4d0a024I14/l/true/none-function-5-199439-5-199646_count2": [
      724.2999999988824,
      724.5999999996275
    ],
    "4u4K080o004M4p4w4n4G4c4v4y4e4d0a024I14/l/true/none-function-8-160292-8-160425_count0": [
      742.1999999992549,
      742.2999999988824
    ],
    "4u4K080o004M4p4w4n4G4c4v4y4e4d0a024I14/l/true/none-function-1-5633-1-5705_count0": [
      742.4000000003725,
      742.4000000003725
    ],
    "4u4K080o004M4p4w4n4G4c4v4y4e4d0a024I14/l/true/none-function-8-169879-8-170026_count0": [
      742.4000000003725,
      742.5
    ],
    "4u4K080o004M4p4w4n4G4c4v4y4e4d0a024I14/l/true/none-function-8-566949-8-566989_count0": [
      744.5999999996275,
      744.9000000003725
    ],
    "4u4K080o004M4p4w4n4G4c4v4y4e4d0a024I14/l/true/none-function-1-187376-1-187485_count0": [
      745,
      770.1999999992549
    ],
    "www.netflix.com/-script-13-function-5-59-11-5_count0": [
      771,
      771
    ],
    "4u4K080o004M4p4w4n4G4c4v4y4e4d0a024I14/l/true/none-function-8-154472-8-154685_count0": [
      771.0999999996275,
      778.4000000003725
    ],
    "4u4K080o004M4p4w4n4G4c4v4y4e4d0a024I14/l/true/none-function-8-387488-8-387752_count0": [
      778.9000000003725,
      779.7999999988824
    ],
    "4u4K080o004M4p4w4n4G4c4v4y4e4d0a024I14/l/true/none-function-3-26627-3-26976_count0": [
      797.4000000003725,
      797.4000000003725
    ],
    "4u4K080o004M4p4w4n4G4c4v4y4e4d0a024I14/l/true/none-function-3-26627-3-26976_count1": [
      797.7999999988824,
      799.4000000003725
    ],
    "4u4K080o004M4p4w4n4G4c4v4y4e4d0a024I14/l/true/none-function-5-199439-5-199646_count3": [
      816.5,
      817
    ],
    "4u4K080o004M4p4w4n4G4c4v4y4e4d0a024I14/l/true/none-function-5-199439-5-199646_count4": [
      817,
      817.5
    ],
    "4u4K080o004M4p4w4n4G4c4v4y4e4d0a024I14/l/true/none-function-5-199439-5-199646_count5": [
      817.5999999996275,
      817.5999999996275
    ],
    "4u4K080o004M4p4w4n4G4c4v4y4e4d0a024I14/l/true/none-function-5-199439-5-199646_count6": [
      817.9000000003725,
      818
    ],
    "4u4K080o004M4p4w4n4G4c4v4y4e4d0a024I14/l/true/none-function-5-199439-5-199646_count7": [
      841.2999999988824,
      841.4000000003725
    ],
    "4u4K080o004M4p4w4n4G4c4v4y4e4d0a024I14/l/true/none-function-5-199439-5-199646_count8": [
      841.9000000003725,
      841.9000000003725
    ],
    "4u4K080o004M4p4w4n4G4c4v4y4e4d0a024I14/l/true/none-function-5-199439-5-199646_count9": [
      842.1999999992549,
      842.1999999992549
    ],
    "4u4K080o004M4p4w4n4G4c4v4y4e4d0a024I14/l/true/none-function-5-199439-5-199646_count10": [
      842.4000000003725,
      842.5
    ],
    "4u4K080o004M4p4w4n4G4c4v4y4e4d0a024I14/l/true/none-function-5-199439-5-199646_count11": [
      869.6999999992549,
      870
    ],
    "4u4K080o004M4p4w4n4G4c4v4y4e4d0a024I14/l/true/none-function-5-199439-5-199646_count12": [
      870,
      870.0999999996275
    ],
    "4u4K080o004M4p4w4n4G4c4v4y4e4d0a024I14/l/true/none-function-5-199439-5-199646_count13": [
      870.0999999996275,
      870.0999999996275
    ],
    "4u4K080o004M4p4w4n4G4c4v4y4e4d0a024I14/l/true/none-function-5-199439-5-199646_count14": [
      870.0999999996275,
      870.6999999992549
    ],
    "4u4K080o004M4p4w4n4G4c4v4y4e4d0a024I14/l/true/none-function-5-199439-5-199646_count15": [
      870.6999999992549,
      870.9000000003725
    ],
    "4u4K080o004M4p4w4n4G4c4v4y4e4d0a024I14/l/true/none-function-5-199439-5-199646_count16": [
      870.9000000003725,
      870.9000000003725
    ],
    "4u4K080o004M4p4w4n4G4c4v4y4e4d0a024I14/l/true/none-function-5-198911-5-198994_count0": [
      879,
      879.5
    ],
    "4u4K080o004M4p4w4n4G4c4v4y4e4d0a024I14/l/true/none-function-5-199439-5-199646_count17": [
      879.4000000003725,
      879.4000000003725
    ],
    "4u4K080o004M4p4w4n4G4c4v4y4e4d0a024I14/l/true/none-function-5-199439-5-199646_count18": [
      879.5999999996275,
      880
    ],
    "4u4K080o004M4p4w4n4G4c4v4y4e4d0a024I14/l/true/none-function-5-199439-5-199646_count19": [
      1126.2999999988824,
      1126.5
    ],
    "4u4K080o004M4p4w4n4G4c4v4y4e4d0a024I14/l/true/none-function-5-199439-5-199646_count20": [
      1391.699999999255,
      1391.699999999255
    ],
    "4u4K080o004M4p4w4n4G4c4v4y4e4d0a024I14/l/true/none-function-5-199439-5-199646_count21": [
      1657.0999999996275,
      1657.4000000003725
    ],
    "4u4K080o004M4p4w4n4G4c4v4y4e4d0a024I14/l/true/none-function-5-199439-5-199646_count22": [
      1922.699999999255,
      1922.699999999255
    ],
    "4u4K080o004M4p4w4n4G4c4v4y4e4d0a024I14/l/true/none-function-5-199439-5-199646_count23": [
      2188.2999999988824,
      2188.5
    ],
    "4u4K080o004M4p4w4n4G4c4v4y4e4d0a024I14/l/true/none-function-5-199439-5-199646_count24": [
      2454,
      2454
    ],
    "4u4K080o004M4p4w4n4G4c4v4y4e4d0a024I14/l/true/none-function-5-199439-5-199646_count25": [
      2719.5999999996275,
      2719.5999999996275
    ],
    "4u4K080o004M4p4w4n4G4c4v4y4e4d0a024I14/l/true/none-function-5-199439-5-199646_count26": [
      2985.0999999996275,
      2985.5999999996275
    ],
    "4u4K080o004M4p4w4n4G4c4v4y4e4d0a024I14/l/true/none-function-5-199439-5-199646_count27": [
      3250.699999999255,
      3250.7999999988824
    ],
    "4u4K080o004M4p4w4n4G4c4v4y4e4d0a024I14/l/true/none-function-5-199439-5-199646_count28": [
      3516.699999999255,
      3516.7999999988824
    ],
    "4u4K080o004M4p4w4n4G4c4v4y4e4d0a024I14/l/true/none-function-5-199439-5-199646_count29": [
      3782.199999999255,
      3782.2999999988824
    ],
    "4u4K080o004M4p4w4n4G4c4v4y4e4d0a024I14/l/true/none-function-5-199439-5-199646_count30": [
      4048,
      4048.0999999996275
    ],
    "4u4K080o004M4p4w4n4G4c4v4y4e4d0a024I14/l/true/none-function-5-199439-5-199646_count31": [
      4313.5,
      4313.5999999996275
    ],