{
  "fired": 165.43019,
  "start": 159.554884,
  "plt": 5.875306000000023
}