{
  "fired": 11677.079711,
  "start": 11676.215171,
  "plt": 0.8645400000004884
}