{
  "fired": 1894.575204,
  "start": 1887.692553,
  "plt": 6.882650999999896
}