{
  "type": "object",
  "value": {
    "www.netflix.com/-script-0-function-1-1277-1-1870_count0": [
      753.3000000000466,
      765.3999999999069
    ],
    "www.netflix.com/-script-1-function-1-3406-1-3667_count0": [
      788.3999999999069,
      788.5
    ],
    "www.netflix.com/-script-2-function-1-3689-1-3950_count0": [
      788.5,
      788.6000000000931
    ],
    "www.netflix.com/-script-3-function-1-3972-1-4379_count0": [
      788.6999999999534,
      788.6999999999534
    ],
    "www.netflix.com/-script-4-function-1-4401-1-7317_count0": [
      789,
      789
    ],
    "www.netflix.com/-script-5-function-1-7339-1-7490_count0": [
      789.1000000000931,
      789.1000000000931
    ],
    "www.netflix.com/-script-6-function-1-7512-1-7942_count0": [
      789.1000000000931,
      789.1999999999534
    ],
    "www.netflix.com/-script-7-function-1-7964-1-8230_count0": [
      789.3000000000466,
      789.3000000000466
    ],
    "www.netflix.com/-script-8-function-1-8252-1-8428_count0": [
      789.3999999999069,
      789.3999999999069
    ],
    "www.netflix.com/-script-10-function-3-21952-3-311544_count0": [
      1179.3000000000466,
      1181.1000000000931
    ],
    "4K080o004M4p4w4n4G4c4v4y4e4d0a024I14/bck/true/none-function-1-1-1-9370_count0": [
      1187.8999999999069,
      1188.5
    ],
    "4u4K080o004M4p4w4n4G4c4v4y4e4d0a024I14/l/true/none-function-1-1-8-611976_count0": [
      1207.6999999999534,
      1514.1999999999534
    ],
    "4u4K080o004M4p4w4n4G4c4v4y4e4d0a024I14/l/true/none-function-5-80407-5-80497_count0": [
      1249.3999999999069,
      1253.6000000000931
    ],
    "www.netflix.com/-script-13-function-4-1-12-3_count0": [
      1514.6000000000931,
      1516.6999999999534
    ],
    "4u4K080o004M4p4w4n4G4c4v4y4e4d0a024I14/l/true/none-function-5-199439-5-199646_count0": [
      1524.3999999999069,
      1525.6999999999534
    ],
    "4u4K080o004M4p4w4n4G4c4v4y4e4d0a024I14/l/true/none-function-5-199439-5-199646_count1": [
      1525.8000000000466,
      1527.8999999999069
    ],
    "4u4K080o004M4p4w4n4G4c4v4y4e4d0a024I14/l/true/none-function-5-199439-5-199646_count2": [
      1533.6000000000931,
      1536.5
    ],
    "4u4K080o004M4p4w4n4G4c4v4y4e4d0a024I14/l/true/none-function-5-199439-5-199646_count3": [
      1536.5,
      1536.6000000000931
    ],
    "4u4K080o004M4p4w4n4G4c4v4y4e4d0a024I14/l/true/none-function-8-160292-8-160425_count0": [
      1576.8999999999069,
      1577
    ],
    "4u4K080o004M4p4w4n4G4c4v4y4e4d0a024I14/l/true/none-function-1-5633-1-5705_count0": [
      1577,
      1577
    ],
    "4u4K080o004M4p4w4n4G4c4v4y4e4d0a024I14/l/true/none-function-8-169879-8-170026_count0": [
      1577.1000000000931,
      1577.1999999999534
    ],
    "4u4K080o004M4p4w4n4G4c4v4y4e4d0a024I14/l/true/none-function-8-566949-8-566989_count0": [
      1577.3000000000466,
      1577.3999999999069
    ],
    "4u4K080o004M4p4w4n4G4c4v4y4e4d0a024I14/l/true/none-function-1-187376-1-187485_count0": [
      1577.5,
      1606.8000000000466
    ],
    "4u4K080o004M4p4w4n4G4c4v4y4e4d0a024I14/l/true/none-function-8-154472-8-154685_count0": [
      1607.1000000000931,
      1614.1999999999534
    ],
    "www.netflix.com/-script-13-function-5-59-11-5_count0": [
      1614.6000000000931,
      1614.6000000000931
    ],
    "4u4K080o004M4p4w4n4G4c4v4y4e4d0a024I14/l/true/none-function-8-387488-8-387752_count0": [
      1614.6000000000931,
      1614.8999999999069
    ],
    "4u4K080o004M4p4w4n4G4c4v4y4e4d0a024I14/l/true/none-function-3-26627-3-26976_count0": [
      1640.3999999999069,
      1640.3999999999069
    ],
    "4u4K080o004M4p4w4n4G4c4v4y4e4d0a024I14/l/true/none-function-3-26627-3-26976_count1": [
      1640.5,
      1641.3000000000466
    ],
    "4u4K080o004M4p4w4n4G4c4v4y4e4d0a024I14/l/true/none-function-5-199439-5-199646_count4": [
      1668.6999999999534,
      1669.3999999999069
    ],
    "4u4K080o004M4p4w4n4G4c4v4y4e4d0a024I14/l/true/none-function-5-199439-5-199646_count5": [
      1669.5,
      1669.6000000000931
    ],
    "4u4K080o004M4p4w4n4G4c4v4y4e4d0a024I14/l/true/none-function-5-199439-5-199646_count6": [
      1669.6999999999534,
      1669.8999999999069
    ],
    "4u4K080o004M4p4w4n4G4c4v4y4e4d0a024I14/l/true/none-function-5-199439-5-199646_count7": [
      1669.8999999999069,
      1669.8999999999069
    ],
    "4u4K080o004M4p4w4n4G4c4v4y4e4d0a024I14/l/true/none-function-5-199439-5-199646_count8": [
      1689.3999999999069,
      1689.6000000000931
    ],
    "4u4K080o004M4p4w4n4G4c4v4y4e4d0a024I14/l/true/none-function-5-199439-5-199646_count9": [
      1689.6000000000931,
      1689.6999999999534
    ],
    "4u4K080o004M4p4w4n4G4c4v4y4e4d0a024I14/l/true/none-function-5-199439-5-199646_count10": [
      1693.1999999999534,
      1696.8000000000466
    ],
    "4u4K080o004M4p4w4n4G4c4v4y4e4d0a024I14/l/true/none-function-5-199439-5-199646_count11": [
      1697.8000000000466,
      1697.8000000000466
    ],
    "4u4K080o004M4p4w4n4G4c4v4y4e4d0a024I14/l/true/none-function-5-199439-5-199646_count12": [
      1758.1999999999534,
      1758.3000000000466
    ],
    "4u4K080o004M4p4w4n4G4c4v4y4e4d0a024I14/l/true/none-function-5-199439-5-199646_count13": [
      1758.3000000000466,
      1758.3000000000466
    ],
    "4u4K080o004M4p4w4n4G4c4v4y4e4d0a024I14/l/true/none-function-5-199439-5-199646_count14": [
      1758.3000000000466,
      1758.3999999999069
    ],
    "4u4K080o004M4p4w4n4G4c4v4y4e4d0a024I14/l/true/none-function-5-199439-5-199646_count15": [
      1758.5,
      1758.5
    ],
    "4u4K080o004M4p4w4n4G4c4v4y4e4d0a024I14/l/true/none-function-5-199439-5-199646_count16": [
      1758.5,
      1758.5
    ],
    "4u4K080o004M4p4w4n4G4c4v4y4e4d0a024I14/l/true/none-function-5-199439-5-199646_count17": [
      1758.6000000000931,
      1758.6000000000931
    ],
    "4u4K080o004M4p4w4n4G4c4v4y4e4d0a024I14/l/true/none-function-5-198911-5-198994_count0": [
      1767.6999999999534,
      1770.1000000000931
    ],
    "4u4K080o004M4p4w4n4G4c4v4y4e4d0a024I14/l/true/none-function-5-199439-5-199646_count18": [
      1767.8000000000466,
      1770.1000000000931
    ],
    "4u4K080o004M4p4w4n4G4c4v4y4e4d0a024I14/l/true/none-function-5-199439-5-199646_count19": [
      1770.3999999999069,
      1770.6000000000931
    ],
    "4u4K080o004M4p4w4n4G4c4v4y4e4d0a024I14/l/true/none-function-5-199439-5-199646_count20": [
      2027.6000000000931,
      2027.6999999999534
    ],
    "4u4K080o004M4p4w4n4G4c4v4y4e4d0a024I14/l/true/none-function-5-199439-5-199646_count21": [
      2293.1999999999534,
      2293.3000000000466
    ],
    "4u4K080o004M4p4w4n4G4c4v4y4e4d0a024I14/l/true/none-function-5-199439-5-199646_count22": [
      2557.6999999999534,
      2559.100000000093
    ],
    "4u4K080o004M4p4w4n4G4c4v4y4e4d0a024I14/l/true/none-function-5-199439-5-199646_count23": [
      2824,
      2824.100000000093
    ],
    "4u4K080o004M4p4w4n4G4c4v4y4e4d0a024I14/l/true/none-function-5-199439-5-199646_count24": [
      3089.8000000000466,
      3089.899999999907
    ],
    "4u4K080o004M4p4w4n4G4c4v4y4e4d0a024I14/l/true/none-function-5-199439-5-199646_count25": [
      3355.399999999907,
      3355.5
    ],
    "4u4K080o004M4p4w4n4G4c4v4y4e4d0a024I14/l/true/none-function-5-199439-5-199646_count26": [
      3621.399999999907,
      3621.5
    ],
    "4u4K080o004M4p4w4n4G4c4v4y4e4d0a024I14/l/true/none-function-5-199439-5-199646_count27": [
      3886.399999999907,
      3886.399999999907
    ],
    "4u4K080o004M4p4w4n4G4c4v4y4e4d0a024I14/l/true/none-function-5-199439-5-199646_count28": [
      4154.100000000093,
      4154.199999999953
    ],
    "4u4K080o004M4p4w4n4G4c4v4y4e4d0a024I14/l/true/none-function-5-199439-5-199646_count29": [
      4419,
      4419.100000000093
    ],
    "4u4K080o004M4p4w4n4G4c4v4y4e4d0a024I14/l/true/none-function-5-199439-5-199646_count30": [
      4684.300000000047,
      4684.399999999907
    ],